{"data_time": 0.10246596019715071, "eta_seconds": 38113.14344684314, "iteration": 19, "loss_cls": 1.4271424561738968, "loss_pts_init": 1.2867074757814407, "loss_pts_refine": 0.6561191342771053, "lr": 0.00019981, "time": 0.4235687917098403, "total_loss": 3.3629480190575123}
{"data_time": 0.09587927348911762, "eta_seconds": 38190.279736136086, "iteration": 39, "loss_cls": 1.3648288398981094, "loss_pts_init": 1.2157207503914833, "loss_pts_refine": 0.48277329094707966, "lr": 0.00039960999999999995, "time": 0.43667649291455746, "total_loss": 3.057663922198117}
{"data_time": 0.09408794529736042, "eta_seconds": 38527.203008046374, "iteration": 59, "loss_cls": 1.3068303540349007, "loss_pts_init": 0.8972378950566053, "loss_pts_refine": 0.39909663796424866, "lr": 0.00059941, "time": 0.43094244971871376, "total_loss": 2.6058563170954585}
{"data_time": 0.07998605445027351, "eta_seconds": 38453.2334363386, "iteration": 79, "loss_cls": 1.0717657916247845, "loss_pts_init": 0.5207913750782609, "loss_pts_refine": 0.7664951775223017, "lr": 0.0007992100000000001, "time": 0.4255497073754668, "total_loss": 2.348942855373025}
{"data_time": 0.07604346796870232, "eta_seconds": 38510.06857413612, "iteration": 99, "loss_cls": 1.0395297482609749, "loss_pts_init": 0.432871313765645, "loss_pts_refine": 0.6484215036034584, "lr": 0.00099901, "time": 0.43121111672371626, "total_loss": 2.107041258364916}
{"data_time": 0.07725672889500856, "eta_seconds": 38316.9108710736, "iteration": 119, "loss_cls": 1.0081586949527264, "loss_pts_init": 0.4165036538615823, "loss_pts_refine": 0.6784163806587458, "lr": 0.00119881, "time": 0.42262578289955854, "total_loss": 2.097813052125275}
{"data_time": 0.06805187929421663, "eta_seconds": 38243.98601680715, "iteration": 139, "loss_cls": 0.9589194282889366, "loss_pts_init": 0.40186559315770864, "loss_pts_refine": 0.6434851437807083, "lr": 0.0013986100000000002, "time": 0.4242340913042426, "total_loss": 2.027241140604019}
{"data_time": 0.09140060842037201, "eta_seconds": 38205.84364586044, "iteration": 159, "loss_cls": 0.9263258948922157, "loss_pts_init": 0.4033176228404045, "loss_pts_refine": 0.6562706008553505, "lr": 0.0015984100000000002, "time": 0.4056104840710759, "total_loss": 1.9722469709813595}
{"data_time": 0.08306391630321741, "eta_seconds": 38130.8468800867, "iteration": 179, "loss_cls": 0.9183783307671547, "loss_pts_init": 0.40709394682198763, "loss_pts_refine": 0.6631931141018867, "lr": 0.0017982099999999997, "time": 0.4232200728729367, "total_loss": 1.9779798109084368}
{"data_time": 0.09594326093792915, "eta_seconds": 38298.34335126635, "iteration": 199, "loss_cls": 0.8738110214471817, "loss_pts_init": 0.3661603033542633, "loss_pts_refine": 0.6388089619576931, "lr": 0.00199801, "time": 0.4372157622128725, "total_loss": 1.8849785532802343}
{"data_time": 0.07556371297687292, "eta_seconds": 38289.81374839973, "iteration": 219, "loss_cls": 0.8028432726860046, "loss_pts_init": 0.38891243655234575, "loss_pts_refine": 0.6006752848625183, "lr": 0.00219781, "time": 0.4264356316998601, "total_loss": 1.797362114302814}
{"data_time": 0.07630061823874712, "eta_seconds": 38171.82279244531, "iteration": 239, "loss_cls": 0.7774184718728065, "loss_pts_init": 0.34602832328528166, "loss_pts_refine": 0.5775646269321442, "lr": 0.00239761, "time": 0.41725059878081083, "total_loss": 1.703402632381767}
{"data_time": 0.07673302106559277, "eta_seconds": 38260.760540571064, "iteration": 259, "loss_cls": 0.800410732626915, "loss_pts_init": 0.31063590943813324, "loss_pts_refine": 0.5683843083679676, "lr": 0.00259741, "time": 0.43634270317852497, "total_loss": 1.6934977425262332}
{"data_time": 0.08011399116367102, "eta_seconds": 38316.531991730444, "iteration": 279, "loss_cls": 0.7520896606147289, "loss_pts_init": 0.2872815039008856, "loss_pts_refine": 0.5626564864069223, "lr": 0.0027972100000000005, "time": 0.43512706458568573, "total_loss": 1.629117920063436}
{"data_time": 0.07613452058285475, "eta_seconds": 38338.92638540082, "iteration": 299, "loss_cls": 0.7299758195877075, "loss_pts_init": 0.2753386814147234, "loss_pts_refine": 0.5514832846820354, "lr": 0.00299701, "time": 0.42948734667152166, "total_loss": 1.5814260877668858}
{"data_time": 0.09494504146277905, "eta_seconds": 38299.44946612697, "iteration": 319, "loss_cls": 0.706433292478323, "loss_pts_init": 0.29184295050799847, "loss_pts_refine": 0.5627164244651794, "lr": 0.00319681, "time": 0.4222967391833663, "total_loss": 1.5778392627835274}
{"data_time": 0.08285180293023586, "eta_seconds": 38290.908203325234, "iteration": 339, "loss_cls": 0.6926543284207582, "loss_pts_init": 0.264685221016407, "loss_pts_refine": 0.5499107763171196, "lr": 0.0033966100000000004, "time": 0.4277183245867491, "total_loss": 1.500768723897636}
{"data_time": 0.07423462066799402, "eta_seconds": 38313.28190447949, "iteration": 359, "loss_cls": 0.7037045620381832, "loss_pts_init": 0.2537902258336544, "loss_pts_refine": 0.536244535818696, "lr": 0.00359641, "time": 0.4333216995000839, "total_loss": 1.503533431328833}
{"data_time": 0.08367124386131763, "eta_seconds": 38302.56704870891, "iteration": 379, "loss_cls": 0.6734462715685368, "loss_pts_init": 0.24259963631629944, "loss_pts_refine": 0.49907136522233486, "lr": 0.00379621, "time": 0.4239463349804282, "total_loss": 1.435782765969634}
{"data_time": 0.09731879644095898, "eta_seconds": 38319.48152056988, "iteration": 399, "loss_cls": 0.6700151897966862, "loss_pts_init": 0.2486340506002307, "loss_pts_refine": 0.5025601424276829, "lr": 0.00399601, "time": 0.44314255472272635, "total_loss": 1.4394239508546889}
{"data_time": 0.08197529427707195, "eta_seconds": 38310.92816033494, "iteration": 419, "loss_cls": 0.716303002089262, "loss_pts_init": 0.2276923470199108, "loss_pts_refine": 0.5235095750540495, "lr": 0.00419581, "time": 0.4282377678900957, "total_loss": 1.4683401118963957}
{"data_time": 0.10026414971798658, "eta_seconds": 38311.629159693606, "iteration": 439, "loss_cls": 0.6817651707679033, "loss_pts_init": 0.23952988348901272, "loss_pts_refine": 0.492964306846261, "lr": 0.00439561, "time": 0.43082976154983044, "total_loss": 1.3899477599188685}
{"data_time": 0.08100446127355099, "eta_seconds": 38355.85866894387, "iteration": 459, "loss_cls": 0.631755392998457, "loss_pts_init": 0.23158569168299437, "loss_pts_refine": 0.5028096176683903, "lr": 0.00459541, "time": 0.4335449505597353, "total_loss": 1.3593138307332993}
{"data_time": 0.07469640765339136, "eta_seconds": 38310.3392362427, "iteration": 479, "loss_cls": 0.6322546489536762, "loss_pts_init": 0.2202274282462895, "loss_pts_refine": 0.4825233370065689, "lr": 0.00479521, "time": 0.42420202400535345, "total_loss": 1.354301088489592}
{"data_time": 0.08666080422699451, "eta_seconds": 38285.96287917439, "iteration": 499, "loss_cls": 0.651130823418498, "loss_pts_init": 0.22818703297525644, "loss_pts_refine": 0.4987222831696272, "lr": 0.00499501, "time": 0.41821619123220444, "total_loss": 1.3668263740837574}
{"data_time": 0.07859381381422281, "eta_seconds": 38268.16135916021, "iteration": 519, "loss_cls": 0.6243265848606825, "loss_pts_init": 0.2258185399696231, "loss_pts_refine": 0.48867866955697536, "lr": 0.00519481, "time": 0.4161928240209818, "total_loss": 1.3456286508589983}
{"data_time": 0.08347768243402243, "eta_seconds": 38320.482184275985, "iteration": 539, "loss_cls": 0.6297213118523359, "loss_pts_init": 0.21795627381652594, "loss_pts_refine": 0.4633092191070318, "lr": 0.005394610000000001, "time": 0.43322718795388937, "total_loss": 1.2891392838209867}
{"data_time": 0.0766575001180172, "eta_seconds": 38276.103390587494, "iteration": 559, "loss_cls": 0.6012240014970303, "loss_pts_init": 0.20512996846809983, "loss_pts_refine": 0.46155428513884544, "lr": 0.005594410000000001, "time": 0.422993429005146, "total_loss": 1.2892240767832845}
{"data_time": 0.09433830622583628, "eta_seconds": 38267.54442917369, "iteration": 579, "loss_cls": 0.6138245370239019, "loss_pts_init": 0.22455888893455267, "loss_pts_refine": 0.483715046197176,